noisy motion,kalman prediction,ground truth,motion noise stdev,laser noise stdev,laser range 1,laser range 2,laser range 3,laser range 4,laser range 5,laser range 6
-8.0225850957377,4.60792682218665,3.93574231201279,8,0.01,5.43073606491089,5.43850040435791,5.42069244384766,5.40502786636353,5.39047288894653,5.39876174926758
-11.3131475199613,4.40334528598854,4.73673075128161,8,0.01,5.61262178421021,5.60991430282593,5.60997533798218,5.60166168212891,5.59280204772949,5.60128545761108
-11.0966706364905,5.20703391029076,4.88918482063631,8,0.01,4.80462312698364,4.79956912994385,4.7958254814148,4.80001878738403,4.79223299026489,4.80267953872681
-9.95970031285452,5.37398561238284,5.33361324550471,8,0.01,4.65217351913452,4.62722539901733,4.65325593948364,4.64926767349243,4.65423488616943,4.64132499694824
-36.7925891059029,5.78106598506271,6.38083477442635,8,0.01,4.2157940864563,4.20372247695923,4.20402336120606,4.20271301269531,4.18492650985718,4.21092796325684
-40.3008374186048,6.84718347855872,7.09283850058054,8,0.01,3.15279674530029,3.14710569381714,3.15588116645813,3.14878749847412,3.16385698318481,3.14924645423889
-48.6099644624045,7.56767221380087,7.87772296740519,8,0.01,2.4598274230957,2.44848585128784,2.43876123428345,2.4321014881134,2.43417882919312,2.42105484008789
-53.503754561962,8.34114700762265,8.59481083333236,8,0.01,1.66649353504181,1.66288793087006,1.66515743732452,1.66965746879578,1.65177774429321,1.67016303539276
-46.8270521885714,9.08807357274576,9.23347890311452,8,0.01,0.939198851585388,0.938242375850678,0.919329404830933,0.935270965099335,0.929899215698242,0.933024227619171
-47.1329606274106,9.71214748470202,0.0,8,0.01,0.293186783790588,0.2903932929039,0.28669148683548,0.313992321491241,0.310081630945206,0.289515405893326
-29.3582184014857,0.512188144331202,0.945808051839807,8,0.01,9.5403995513916,9.52148818969727,9.53897380828857,9.52233600616455,9.54376316070557,9.54677295684814
-34.9271824590062,1.42193109265586,2.02854354105315,8,0.01,8.59875583648682,8.60143375396729,8.59618377685547,8.59285354614258,8.56998062133789,8.57646083831787
-34.7773449591513,2.49997939351023,2.09209316574219,8,0.01,7.51650333404541,7.51179552078247,7.49886178970337,7.5089373588562,7.502272605896,7.49931859970093
-34.1819857190315,2.57932139471033,2.4354159675079,8,0.01,7.44866704940796,7.44747447967529,7.44871473312378,7.4213228225708,7.42755460739136,7.45533847808838
-26.3217713107475,2.92706010282975,2.95375314571285,8,0.01,7.10837078094482,7.09183263778687,7.09139919281006,7.10451555252075,7.0823187828064,7.09093523025513
-27.3772007800736,3.44480903118363,3.34445281210801,8,0.01,6.60261917114258,6.57930517196655,6.55322694778442,6.59040880203247,6.56300449371338,6.57883739471436
-50.1444280967531,3.80367132871304,4.33002291950606,8,0.01,6.20533847808838,6.21066236495972,6.18917798995972,6.18585252761841,6.16745710372925,6.20504140853882
-49.0933972693886,4.81819561975865,4.63672723299729,8,0.01,5.21798849105835,5.21381092071533,5.18184995651245,5.19750261306763,5.19587516784668,5.20950317382813
-47.3575027258403,5.13101999357743,5.06177599185457,8,0.01,4.90605401992798,4.90771102905273,4.89595127105713,4.9075608253479,4.87075662612915,4.88670682907105
-42.0035912987212,5.5462747809425,5.74647144902309,8,0.01,4.49139308929443,4.45989084243774,4.46395301818848,4.47879981994629,4.46209573745728,4.4793872833252
-46.8938980913937,6.21138809116258,6.32610389911924,8,0.01,3.7928524017334,3.79421234130859,3.7910532951355,3.78620266914368,3.78167629241943,3.7852611541748
-42.6370481801756,6.80393184731162,6.70169571685185,8,0.01,3.21675658226013,3.22467947006226,3.2229642868042,3.22480583190918,3.20064282417297,3.20359301567078
-43.3756671158915,7.18084661559955,6.93319360554494,8,0.01,2.8306348323822,2.85501313209534,2.83047342300415,2.81776070594788,2.82988429069519,2.8347806930542
-38.4793445471042,7.41319255355302,8.03931647617228,8,0.01,2.60545063018799,2.6196300983429,2.60606813430786,2.59263014793396,2.61197996139526,2.60398578643799
-42.1428144485757,8.52166032763252,8.45562516224059,8,0.01,1.48723828792572,1.4936329126358,1.48468792438507,1.50292932987213,1.47238218784332,1.48621034622192
-36.4085804109381,8.94998277940142,9.25242910085009,8,0.01,1.07291221618652,1.09087979793549,1.05664134025574,1.09094965457916,1.08432340621948,1.08665359020233
-36.4104237010158,9.73224988680322,9.25055308816579,8,0.01,0.286271452903748,0.283502042293549,0.277076780796051,0.267456382513046,0.27083146572113,0.266771197319031
-40.7963903699842,9.72708148094423,0.0,8,0.01,0.276146948337555,0.286342948675156,0.267449349164963,0.284700810909271,0.286552757024765,0.273695886135101
-41.2195374210238,0.491829681554144,-0.142859230086065,8,0.01,9.54009532928467,9.53746891021729,9.53617668151856,9.51917171478272,9.54580307006836,9.54614543914795
-39.6722437813718,0.32855537415476,0.394300918567436,8,0.01,9.68973064422607,9.67719745635986,9.69060134887695,9.67705059051514,9.67424201965332,9.67358016967773
-48.203459277056,0.860434182168134,1.21385005030045,8,0.01,9.15252780914307,9.13973712921143,9.14533996582031,9.12825107574463,9.14071178436279,9.14741992950439
-48.1883171254545,1.69495998058212,1.23606531341412,8,0.01,8.34053230285645,8.31615924835205,8.30401706695557,8.30558300018311,8.33277797698975,8.32619476318359
-48.14859394996,1.71053563230291,1.27482509112117,8,0.01,8.33188343048096,8.30000305175781,8.28949451446533,8.30828666687012,8.3017692565918,8.29186058044434
-57.1087639535531,1.74079585695457,1.97100565779565,8,0.01,8.26699542999268,8.27274322509766,8.26555347442627,8.25158023834229,8.25804042816162,8.24798011779785
-57.0948586759713,2.4439613336004,1.86038623441376,8,0.01,7.57356977462769,7.56582546234131,7.56763935089111,7.55517816543579,7.55600833892822,7.57232284545898
-67.6211786072915,2.3358380202886,2.53365834595523,8,0.01,7.7108850479126,7.68648815155029,7.66277313232422,7.65115547180176,7.66725778579712,7.67336797714233
-66.9634885603622,3.0130514547471,3.14131939019031,8,0.01,7.00762462615967,7.01357507705689,7.00304794311523,6.98726844787598,6.99929904937744,6.98692417144775
-66.5466972774057,3.61809355121153,3.52554300978276,8,0.01,6.39621877670288,6.39345407485962,6.3949031829834,6.40674781799316,6.39752292633057,6.38167142868042
-70.5970450242292,3.99955690339989,3.95100893029014,8,0.01,6.02005195617676,6.00223875045776,5.99966907501221,6.01313543319702,5.99491024017334,6.01020526885986
-68.821679246503,4.42342874656746,4.43846404992108,8,0.01,5.58725547790527,5.58392095565796,5.5782585144043,5.59488725662231,5.59320402145386,5.57889413833618
-82.0984674522213,4.90445598675446,5.64787104351034,8,0.01,5.09073209762573,5.09353733062744,5.09692335128784,5.10186529159546,5.07836818695068,5.08756589889526
-84.5967295414096,6.11948417173801,6.26557018306355,8,0.01,3.88980054855347,3.88868498802185,3.87588000297546,3.88716745376587,3.87799906730652,3.89391231536865
-110.232042615487,6.70906602431005,7.0826366636498,8,0.01,3.27465438842773,3.27826547622681,3.25819373130798,3.26665639877319,3.25835824012756,3.2587103843689
-135.848668527121,7.53434398860768,8.11672492397304,8,0.01,2.464022397995,2.4478816986084,2.43264484405518,2.45864224433899,2.43581461906433,2.46082949638367
-133.825533479738,8.59394357250266,8.59163034389474,8,0.01,1.40725934505463,1.40816140174866,1.4195384979248,1.43249547481537,1.4164822101593,1.42178285121918
-126.971256973068,9.07947258821546,9.46501840099377,8,0.01,0.932538449764252,0.931226670742035,0.940890848636627,0.928478419780731,0.956784188747406,0.941373407840729
-120.832646302882,8.95046184393089,0.0,8,0.01,1.07477843761444,1.05736291408539,1.06050264835358,1.07452630996704,1.0699964761734,1.08263778686523
-120.71442673583,0.495945402121959,0.233692260945383,8,0.01,9.56613349914551,9.55851745605469,9.53287220001221,9.51475715637207,9.5336799621582,9.53482341766357
-117.45539233399,0.72251296893944,0.69621628632102,8,0.01,9.2938232421875,9.30077743530273,9.29959678649902,9.28872585296631,9.31004619598389,9.28127288818359
-158.21775234198,1.12207652584685,1.81613653641855,8,0.01,8.8586368560791,8.8483362197876,8.8385009765625,8.835862159729,8.82653522491455,8.83632946014404
-157.814418295541,2.27973082557282,2.01889835164796,8,0.01,7.74892854690552,7.71932744979858,7.73754119873047,7.72096538543701,7.73436975479126,7.72005271911621
-148.681399861298,2.51148178273866,3.39110000958002,8,0.01,7.53923845291138,7.5166163444519,7.50407600402832,7.51014137268066,7.49963092803955,7.51755619049072
-149.008614031938,3.87040110281683,2.98813615030412,8,0.01,6.15081453323364,6.1372389793396,6.13957691192627,6.14879131317139,6.13067722320557,6.1274938583374
-150.305114614251,3.47208899910146,3.47245062122544,8,0.01,6.54610586166382,6.53959894180298,6.54233598709106,6.53883504867554,6.52708148956299,6.52678966522217
-153.705671290684,3.94575291946697,3.87127163561172,8,0.01,6.08027267456055,6.06753730773926,6.04941034317017,6.06835031509399,6.04990959167481,6.06756639480591
-158.062950603183,4.34736509636223,4.38926855860449,8,0.01,5.6883978843689,5.68576002120972,5.66843605041504,5.64669370651245,5.66268157958984,5.64916896820068
-158.689652940669,4.86317525220114,5.0226796764516,8,0.01,5.144127368927,5.14883995056152,5.13539838790894,5.14088439941406,5.14965867996216,5.13677072525024
-159.011149097697,5.48940977033765,5.4188784877214,8,0.01,4.52926349639893,4.51604270935059,4.52244710922241,4.50940704345703,4.52541208267212,4.5097599029541
-162.894248370997,5.88584063374236,6.13974156109545,8,0.01,4.1162109375,4.12790393829346,4.10982990264893,4.11868476867676,4.10881662368774,4.12324190139771
-163.124895803426,6.61511838501456,6.04324024738137,8,0.01,3.38368320465088,3.39658737182617,3.39793848991394,3.39762616157532,3.38580632209778,3.39716482162476
-150.433979449039,6.54634645010203,6.60922478403305,8,0.01,3.4991340637207,3.46958327293396,3.48938393592834,3.47994518280029,3.47667956352234,3.47931337356567
-150.714887672076,7.09334654528959,6.83928902760766,8,0.01,2.93337392807007,2.91285443305969,2.92180967330933,2.92709708213806,2.93711352348328,2.90561985969543
-148.351025735504,7.3187874568449,7.83896647557079,8,0.01,2.68804788589478,2.70311093330383,2.70794367790222,2.6983494758606,2.68512368202209,2.68388223648071
-151.428146385646,8.29579179574848,8.33894165234046,8,0.01,1.70299875736237,1.72269260883331,1.6991468667984,1.69929003715515,1.70117366313934,1.706578373909
-132.501926586573,8.84797912392723,0.0,8,0.01,1.19315457344055,1.17495977878571,1.18742620944977,1.18705189228058,1.19708502292633,1.17770767211914
-131.878799659256,0.477625119333742,0.182984057150151,8,0.01,9.55786323547363,9.53690910339356,9.53948211669922,9.53863334655762,9.53360271453857,9.55387401580811
-131.869437150358,0.658878307697705,0.388984845198621,8,0.01,9.36554908752441,9.34858989715576,9.35848522186279,9.34678649902344,9.34090709686279,9.35140991210938
-131.888921082791,0.85733861190802,1.06937940600488,8,0.01,9.1694803237915,9.15965843200684,9.15299797058106,9.15742683410645,9.14238929748535,9.16451263427734
-131.156601734518,1.55215272671145,1.280276977854,8,0.01,8.47178173065186,8.48169422149658,8.46592426300049,8.45408153533936,8.44789409637451,8.45888328552246
-133.884458875309,1.75340513670198,1.76898906345957,8,0.01,8.24987125396729,8.25014209747314,8.24293804168701,8.25711631774902,8.26687240600586,8.26314258575439
-125.746857798623,2.2672035321635,2.60146804114905,8,0.01,7.7882866859436,7.763747215271,7.77147626876831,7.74231433868408,7.77334833145142,7.77090406417847
-125.728901886729,3.08693257358068,2.61771504415505,8,0.01,6.9359827041626,6.93048477172852,6.93285989761353,6.91206645965576,6.91727685928345,6.93280458450317
-125.821594887304,3.08614796070623,2.72350625764154,8,0.01,6.93795919418335,6.92176961898804,6.91727733612061,6.91373729705811,6.91623592376709,6.92236328125
-125.814500692078,3.20254889308482,2.96195137504839,8,0.01,6.81377649307251,6.81112337112427,6.80709171295166,6.79731464385986,6.80627679824829,6.80297899246216
-126.026760649525,3.43795153741559,3.08965092002516,8,0.01,6.58903503417969,6.57049942016602,6.58858013153076,6.57208776473999,6.57116079330444,6.56148958206177
-128.269467550105,3.5834961644337,3.52838844003955,8,0.01,6.45706176757813,6.45111083984375,6.45076560974121,6.41352224349976,6.42184352874756,6.43643522262573
-126.84362900694,4.0087155306234,3.77227967214788,8,0.01,6.00601577758789,6.00470066070557,6.00396776199341,5.99432754516602,5.99253368377686,6.02080774307251
-134.86096693275,4.24446058962055,4.5215927191428,8,0.01,5.76851844787598,5.76386737823486,5.76655197143555,5.75186395645142,5.76549434661865,5.74523591995239
-134.955675721392,4.99577663517178,4.63274856233761,8,0.01,5.02485656738281,5.00316715240479,5.00782585144043,5.00686645507813,5.01694869995117,5.00722646713257
-134.570133615431,5.10751241297167,4.75392082360007,8,0.01,4.90742492675781,4.89458894729614,4.89282941818237,4.89288473129272,4.91096258163452,4.90380764007568
-134.599132381929,5.23840397821029,4.70844836451833,8,0.01,4.79896926879883,4.78963851928711,4.77004480361939,4.77892351150513,4.76745796203613,4.76139640808106
-134.695563225282,5.18152782394677,5.06293722133314,8,0.01,4.83938932418823,4.83821582794189,4.81983757019043,4.82047128677368,4.81842279434204,4.826979637146
-138.950307595165,5.52036962710011,5.70318680742835,8,0.01,4.48024988174439,4.48177814483643,4.48241806030273,4.47389554977417,4.47518825531006,4.47433185577393
-139.852083372887,6.18039033373088,6.03125894662668,8,0.01,3.82977342605591,3.83039045333862,3.81765985488892,3.81939172744751,3.82872700691223,3.82539439201355
-137.012030807369,6.52932413855066,6.4232686354612,8,0.01,3.50184750556946,3.51017642021179,3.50681328773499,3.47378587722778,3.49281477928162,3.50360345840454
-137.550671601675,6.89879294083432,6.18880175057365,8,0.01,3.11647796630859,3.1103515625,3.12433385848999,3.10007333755493,3.103346824646,3.10101366043091
-133.810830672199,6.66887379272793,6.90541485934568,8,0.01,3.35783314704895,3.34100031852722,3.34139895439148,3.3435218334198,3.34059047698975,3.33608222007751
-133.829980472031,7.38183365414038,6.9686400650992,8,0.01,2.62211179733276,2.62526082992554,2.62065744400024,2.64002013206482,2.61725234985352,2.63025689125061
-153.17250623934,7.43108844537562,7.85879323490088,8,0.01,2.55335283279419,2.54470205307007,2.56279373168945,2.55351495742798,2.56890082359314,2.55793476104736
-142.819204225375,8.35809822007799,8.84489069288964,8,0.01,1.65546381473541,1.65762436389923,1.67253255844116,1.66909503936768,1.68389141559601,1.65366995334625
-134.138257056783,9.33364709767003,9.4752022599026,8,0.01,0.675972640514374,0.681642055511475,0.694161653518677,0.681658446788788,0.693334698677063,0.693205714225769
-134.246505562037,8.93320668148742,0.0,8,0.01,1.08355736732483,1.07630252838135,1.07434153556824,1.0671581029892,1.07771408557892,1.08129251003265
-108.03700023417,0.513084554212209,1.33756488666712,8,0.01,9.54564666748047,9.53022003173828,9.539794921875,9.54298973083496,9.53014850616455,9.53875732421875
-109.996264908591,1.81881508019189,1.83911873878503,8,0.01,8.20260047912598,8.20146942138672,8.17710876464844,8.18946075439453,8.19157695770264,8.19768810272217
-115.018970682688,2.30668276517701,2.44876350161168,8,0.01,7.68643760681152,7.68770980834961,7.70076179504395,7.70712327957153,7.69572114944458,7.68838548660278
-114.610803528685,2.93241614072249,2.78568912300616,8,0.01,7.08494186401367,7.07220458984375,7.09261608123779,7.08350992202759,7.07356119155884,7.06731224060059
-128.229677087394,3.24831122767128,3.65744786772604,8,0.01,6.77563381195068,6.76206636428833,6.73451375961304,6.73825454711914,6.75865745544434,6.73429203033447
-154.471646619319,4.10380373039072,4.45174587877413,8,0.01,5.88897848129272,5.89866447448731,5.86901760101318,5.86236667633057,5.86728239059448,5.87271118164063
-154.446507899205,4.91974951343128,4.5020888635235,8,0.01,5.07926321029663,5.08019351959229,5.08137130737305,5.09191370010376,5.08093929290772,5.08398628234863
-169.542035379666,4.95474086229369,5.30056092801728,8,0.01,5.04775619506836,5.04274415969849,5.04802322387695,5.03164482116699,5.02636957168579,5.03987455368042
-169.892655038467,5.77998323045257,5.14871782613109,8,0.01,4.23074054718018,4.24016618728638,4.24351310729981,4.22574424743652,4.21854877471924,4.23477649688721
-225.649493970471,5.55762587094024,6.3178234974371,8,0.01,4.40210866928101,4.37875604629517,4.38115882873535,4.37304258346558,4.37578296661377,4.37758350372314
-222.223871239923,6.80071651602393,6.84031829150008,8,0.01,3.21761298179626,3.23535418510437,3.21970963478088,3.20200824737549,3.217768907547,3.21417379379272
-223.563382432465,7.32113070327131,7.24263005367646,8,0.01,2.67654728889465,2.70734977722168,2.7061665058136,2.70255279541016,2.6884343624115,2.69050216674805
-223.909962868816,7.72334934029905,7.34833082807502,8,0.01,2.28883910179138,2.29448223114014,2.29671454429626,2.27571582794189,2.29260611534119,2.30097365379333
-213.814220725319,7.84699995255999,7.9750387062357,8,0.01,2.17461037635803,2.17388319969177,2.16544961929321,2.19427156448364,2.196044921875,2.17876672744751
-211.484651152433,8.45552884551466,8.45305871203697,8,0.01,1.56236732006073,1.55371034145355,1.55366790294647,1.55749559402466,1.55976617336273,1.54661977291107
-209.007701915627,8.93578204745582,8.65957805489797,8,0.01,1.08883488178253,1.07480752468109,1.09367084503174,1.07577395439148,1.08041179180145,1.06671071052551
-209.870404166442,9.13368107752568,8.98050828963164,8,0.01,0.874693751335144,0.869672834873199,0.869496881961823,0.871005237102508,0.864994823932648,0.879503965377808
-218.245466562631,9.46359973805021,0.0,8,0.01,0.536478459835053,0.553176462650299,0.55679452419281,0.542646765708923,0.525532603263855,0.537729799747467
-203.654230678684,0.522694196163794,1.43057290453118,8,0.01,9.55918884277344,9.54256057739258,9.50668430328369,9.51261615753174,9.52732372283936,9.52450275421143
-202.034055320703,1.91625657635199,1.99950427368594,8,0.01,8.1268253326416,8.11209106445313,8.12736225128174,8.08402633666992,8.09202194213867,8.09921455383301
-252.846021601089,2.41305725836238,3.44889385168389,8,0.01,7.54140615463257,7.53364229202271,7.54168844223022,7.52288675308228,7.53629589080811,7.52672719955444
-252.561520165403,3.91786386106174,3.5507169689856,8,0.01,6.10024881362915,6.08217859268189,6.09073400497437,6.09371614456177,6.08858442306519,6.08061265945435
-251.291556623234,4.0419569421915,3.74775108562818,8,0.01,5.98599004745483,5.99298238754272,5.98897695541382,5.96069955825806,5.99619054794312,5.95947360992432
-263.77844538738,4.21105454391584,4.7964890943235,8,0.01,5.81010484695435,5.77792692184448,5.80517673492432,5.7798957824707,5.7839674949646,5.77314519882202
-266.546803966134,5.27477691430325,5.57982870316618,8,0.01,4.7524528503418,4.7458381652832,4.74048614501953,4.72043895721436,4.72763586044312,4.74141502380371
-266.561108917516,6.06666148075506,5.56277026429896,8,0.01,3.94852018356323,3.96151566505432,3.94807124137878,3.939781665802,3.954185962677,3.93233203887939
-266.533189563799,6.05098468884476,5.48762266417125,8,0.01,3.98558378219604,3.99100255966187,3.94906973838806,3.96477389335632,3.96885251998901,3.96449136734009
-266.293101020796,5.98056029133309,5.59289189299919,8,0.01,4.01982736587524,4.0375075340271,4.05416774749756,4.03805351257324,4.03471422195435,4.04484748840332
-265.90867686355,6.08500434679302,5.93267052663585,8,0.01,3.94972038269043,3.94669818878174,3.91534519195557,3.92828345298767,3.92360091209412,3.92953896522522
-265.864960959652,6.41958949778836,5.82952618590029,8,0.01,3.61089038848877,3.59598159790039,3.5934956073761,3.60215973854065,3.5800473690033,3.58720898628235
-266.932753943532,6.30792317226427,6.32816563945298,8,0.01,3.72152662277222,3.71288537979126,3.69991087913513,3.69860005378723,3.697838306427,3.69088315963745
-257.348008080663,6.81792985071707,6.86143335580519,8,0.01,3.19339942932129,3.19603180885315,3.21955680847168,3.21173453330994,3.19599509239197,3.21296882629395
-257.177640315649,7.35325930964619,7.39909967469676,8,0.01,2.69006538391113,2.65880727767944,2.68710017204285,2.68886542320251,2.64628505706787,2.67570734024048
-257.126778863611,7.87142063562893,7.48231789684347,8,0.01,2.12799596786499,2.15735387802124,2.1513044834137,2.13733649253845,2.14157676696777,2.15799164772034
-256.278779838768,7.96821393267006,7.82653148328731,8,0.01,2.06351327896118,2.03272390365601,2.05531120300293,2.0564341545105,2.04952216148376,2.03655099868774
-254.277567184626,8.30167351405214,8.20856452555094,8,0.01,1.70040857791901,1.71031308174133,1.70720100402832,1.70342290401459,1.70548391342163,1.72008407115936
-254.551797088303,8.67978766035426,7.88938221926293,8,0.01,1.32199048995972,1.32375597953796,1.32148838043213,1.3201961517334,1.32364869117737,1.31939792633057
-256.561477857129,8.37911630653599,8.29373873742485,8,0.01,1.63672184944153,1.65419518947601,1.63926553726196,1.61875009536743,1.64025509357452,1.63732731342316
-252.573460354042,8.76574637863705,8.82497066271918,8,0.01,1.23874974250793,1.25115489959717,1.2431812286377,1.24693083763123,1.25333309173584,1.25464725494385
-249.507892827308,9.30361161601877,9.21888775853235,8,0.01,0.717441737651825,0.700592815876007,0.709981322288513,0.725498795509338,0.718007445335388,0.699544072151184
-249.420399731513,9.70570243203971,9.2738757599464,8,0.01,0.293904811143875,0.31737232208252,0.300517380237579,0.317616492509842,0.320115506649017,0.316785484552383
-249.516410476073,9.74708332307515,9.44853854633922,8,0.01,0.257338315248489,0.267707884311676,0.252745151519775,0.256029784679413,0.263080447912216,0.261328011751175
-255.704302028883,8.92593095642632,0.0,8,0.01,1.09388387203217,1.07649445533752,1.06736898422241,1.07805562019348,1.07792961597443,1.09623396396637
-254.259415988886,0.50058648819794,0.186487036714428,8,0.01,9.5508394241333,9.53398036956787,9.5117359161377,9.53266143798828,9.53227615356445,9.53331279754639
-254.391004947725,0.665874826603409,0.501853918009294,8,0.01,9.35581016540527,9.35909080505371,9.34714603424072,9.34591484069824,9.33699131011963,9.33375453948975
-251.01377354498,0.99667362338013,0.946391134753605,8,0.01,9.05556869506836,9.02646827697754,9.02851581573486,9.02567958831787,9.00712966918945,9.03656768798828
-249.827872342631,1.43702696421783,1.36439793206373,8,0.01,8.61159992218018,8.61126708984375,8.57080745697022,8.59183406829834,8.56390380859375,8.58128356933594
-252.351268645862,1.83626177354159,1.86379525118797,8,0.01,8.19336891174316,8.1705436706543,8.16464424133301,8.16008949279785,8.17418193817139,8.17414379119873
-253.802725025322,2.34833819134381,3.18210967997656,8,0.01,7.6735520362854,7.67782497406006,7.66604137420654,7.67819881439209,7.64921045303345,7.67156600952148
-253.821387019016,3.66704203941658,3.16641056333393,8,0.01,6.35589408874512,6.3534426689148,6.35654497146606,6.36293601989746,6.33128833770752,6.36112451553345
-323.34219322022,3.56852557602517,4.97620681550643,8,0.01,6.3819055557251,6.36960458755493,6.38262176513672,6.34480476379395,6.36225461959839,6.35336351394653
-322.729776400209,5.45265695255364,5.86144840306405,8,0.01,4.55701017379761,4.56479835510254,4.5460786819458,4.54575538635254,4.55895900726318,4.55479288101196
-321.11620265029,6.33789463455115,6.19772676846999,8,0.01,3.66301465034485,3.68704581260681,3.67631864547729,3.66305804252625,3.66841244697571,3.66851544380188
-317.598468451009,6.66904426787733,6.9020079788712,8,0.01,3.33493399620056,3.34564805030823,3.34544229507446,3.33983564376831,3.3407564163208,3.35374879837036
-316.5281938734,7.38099034567737,7.38140289664216,8,0.01,2.6289792060852,2.63417935371399,2.64962983131409,2.64377498626709,2.61945700645447,2.62634134292603
-317.921235556536,7.85668912755161,7.82078879965952,8,0.01,2.15218615531921,2.1501727104187,2.14608120918274,2.14097785949707,2.145587682724,2.14593172073364
-321.44239992255,8.29319460017703,8.45615165835442,8,0.01,1.72194373607636,1.71629500389099,1.71614480018616,1.7126669883728,1.71058690547943,1.70186448097229
-314.938696944284,8.94925076553674,9.10331382919149,8,0.01,1.07217514514923,1.09144854545593,1.07549607753754,1.05804967880249,1.07358002662659,1.08882415294647
-312.186660268923,9.58488772970385,0.0,8,0.01,0.440704315900803,0.417754471302033,0.442294955253601,0.452419400215149,0.445996552705765,0.425363004207611
-311.598230985756,0.495112989736753,0.526235913270334,8,0.01,9.54337692260742,9.53322505950928,9.52533626556397,9.53624153137207,9.51696968078613,9.53616333007813
-288.220239167204,1.03537801854925,1.70479485450102,8,0.01,9.02858066558838,9.00824546813965,9.01310634613037,8.99781894683838,8.99313354492188,9.00831508636475
-304.593179278964,2.17148462068518,3.0186420296873,8,0.01,7.85309982299805,7.81235027313232,7.81490230560303,7.82362079620361,7.80665636062622,7.85566854476929
-345.731914328208,3.44619718832749,4.3494274875878,8,0.01,6.52673244476318,6.50182199478149,6.51790809631348,6.51500177383423,6.50496196746826,6.50085210800171
-348.453220716877,4.82517373877254,4.63692185294564,8,0.01,5.1930627822876,5.18702411651611,5.16970729827881,5.19047355651856,5.17523193359375,5.17876291275024
-355.638381395634,5.10345812884589,5.36847774915423,8,0.01,4.90589189529419,4.90238952636719,4.89747476577759,4.8872241973877,4.89721012115479,4.89345502853394
-354.10077848625,5.8521378212819,5.91597837315675,8,0.01,4.17146492004395,4.18488645553589,4.16768169403076,4.1779088973999,4.16655826568604,4.1488471031189
-353.351267718329,6.39544957368766,6.18243686379834,8,0.01,3.62935185432434,3.61244058609009,3.62485194206238,3.61975526809692,3.60480785369873,3.60544586181641
-340.730205313969,6.68523164038288,7.10252003990948,8,0.01,3.33682036399841,3.34911489486694,3.35185766220093,3.34951424598694,3.35425138473511,3.33016324043274
-337.065560377582,7.57957845459943,7.60477578649739,8,0.01,2.44475102424622,2.42521286010742,2.43579721450806,2.42388010025024,2.43144917488098,2.43391752243042
-332.637902825508,8.09585340972839,8.11793535121754,8,0.01,1.93923258781433,1.90992832183838,1.93483710289001,1.93063843250275,1.90902972221375,1.93177270889282
-325.81902165441,8.60641182423205,9.03028827726607,8,0.01,1.41310834884644,1.40746378898621,1.43970286846161,1.40146374702454,1.40625464916229,1.41078817844391
-326.778478225975,9.51411239511152,0.0,8,0.01,0.485263258218765,0.514904499053955,0.494729042053223,0.497180223464966,0.509461641311646,0.483556568622589
-326.367222853332,0.487313482039562,0.096735011758399,8,0.01,9.56032943725586,9.52446937561035,9.52554607391357,9.53552436828613,9.53282642364502,9.52820014953613
-326.303703829348,0.581502771372537,0.033008294860594,8,0.01,9.46609973907471,9.43788528442383,9.42487144470215,9.43306922912598,9.41845893859863,9.42916679382324
-326.265132954461,0.534766839903721,0.074987248593921,8,0.01,9.53240489959717,9.49696159362793,9.49915599822998,9.49686622619629,9.46533966064453,9.49270057678223
-324.533456382709,0.553822486433063,0.440484161406113,8,0.01,9.47316837310791,9.47089576721191,9.44831562042236,9.4719295501709,9.44930076599121,9.45734024047852
-323.939310135601,0.921138706151376,1.07223717482062,8,0.01,9.11094856262207,9.10179996490479,9.09233283996582,9.07914447784424,9.10389804840088,9.09807777404785
-323.151724864336,1.54757400429027,0.818425287181361,8,0.01,8.46907711029053,8.47084522247314,8.46691417694092,8.45262718200684,8.46339511871338,8.47324848175049
-315.721828331707,1.3119686115507,2.02432277492037,8,0.01,8.74681377410889,8.74503135681152,8.71630859375,8.71620750427246,8.70319557189941,8.69760131835938
-310.784640999674,2.50689738950362,2.61239271795485,8,0.01,7.52008247375488,7.51121330261231,7.50040006637573,7.50441789627075,7.49777460098267,7.50556993484497
-312.2088405058,3.10248320384383,3.16236981928306,8,0.01,6.92604732513428,6.92954254150391,6.92909145355225,6.89921140670776,6.89499521255493,6.92315435409546
-311.304923419691,3.65048639467695,3.8923880443621,8,0.01,6.38248825073242,6.37897396087647,6.3817195892334,6.34995794296265,6.36402082443237,6.37577533721924
-310.089156772621,4.3672182838983,4.06854600880056,8,0.01,5.6417875289917,5.66475582122803,5.65468883514404,5.63617134094238,5.63340473175049,5.64540100097656
-350.530542718616,4.49524084867558,5.29337925769128,8,0.01,5.48025703430176,5.47556447982788,5.46672868728638,5.45411062240601,5.46498537063599,5.46578598022461
-350.124227010579,5.75775543432932,5.42539090199983,8,0.01,4.25072956085205,4.24117565155029,4.24404239654541,4.24394178390503,4.25902462005615,4.2432713508606
-388.323235597308,5.85501470949201,6.74386801044024,8,0.01,4.09717464447022,4.1108832359314,4.12396907806397,4.10442924499512,4.11258554458618,4.12217283248901
-389.606999341788,7.22892272943728,6.97870124018099,8,0.01,2.79582262039185,2.79306721687317,2.80497789382935,2.78862953186035,2.7785484790802,2.76775932312012
-388.926203328929,7.46518129121101,7.27745677401478,8,0.01,2.54704856872559,2.54843187332153,2.57600831985474,2.5815794467926,2.53537368774414,2.5539813041687
-390.595545511846,7.74707714292932,7.77868762123478,8,0.01,2.26926827430725,2.25048685073853,2.26700329780579,2.25980758666992,2.26476502418518,2.2552969455719
-391.259200091343,8.26226905720926,8.16084415962778,8,0.01,1.74133121967316,1.73625922203064,1.75144410133362,1.75651800632477,1.74721896648407,1.76146936416626
-386.398168485008,8.65179439529257,8.5923247426327,8,0.01,1.36447286605835,1.37521088123322,1.36175620555878,1.35614860057831,1.35378801822662,1.36948549747467
-387.093002422234,9.06817770853656,9.11471089278139,8,0.01,0.945569157600403,0.939466774463654,0.937706649303436,0.95415872335434,0.930435001850128,0.938203394412994
-386.998492214814,9.59881815852492,8.91743041553078,8,0.01,0.41752690076828,0.400637358427048,0.421506732702255,0.43004509806633,0.41680383682251,0.419336944818497
-377.547465351453,9.41194584210663,0.0,8,0.01,0.618126094341278,0.614298701286316,0.607904255390167,0.622507095336914,0.600086510181427,0.612387537956238
-378.193172998274,0.490539168467379,0.587645735099126,8,0.01,9.54346370697022,9.53029632568359,9.52871990203857,9.52731132507324,9.5197925567627,9.52881240844727
-382.12889283358,1.05935495082212,1.0084520404147,8,0.01,8.94992446899414,8.97219276428223,8.94596576690674,8.93502140045166,8.95936107635498,8.94777011871338
-368.629788062638,1.50206750500277,1.82923308628815,8,0.01,8.53806686401367,8.52421379089356,8.52737045288086,8.52678680419922,8.53872299194336,8.51423263549805
-357.497526377453,2.32170306322047,2.46990575466647,8,0.01,7.72108840942383,7.7192325592041,7.70397710800171,7.6991753578186,7.70460653305054,7.69117164611816
-357.493190917122,2.93978219694517,2.51555569788367,8,0.01,7.08587455749512,7.05945158004761,7.06477689743042,7.07401371002197,7.06356763839722,7.05957794189453
-339.08621401853,3.02195666933482,3.62159748775858,8,0.01,7.03774833679199,7.03021860122681,7.00092077255249,7.01349210739136,7.00712585449219,7.01997089385986
-337.87989084543,4.10152190875646,4.16289620399357,8,0.01,5.92320585250855,5.92178058624268,5.9173698425293,5.91397380828857,5.90408802032471,5.89863634109497
-311.294080137963,4.66659057700247,5.08344214108838,8,0.01,5.3880467414856,5.36898374557495,5.36892080307007,5.3683705329895,5.36589479446411,5.37713193893433
-308.360285898726,5.57729615821662,5.92213990782068,8,0.01,4.46302556991577,4.46969795227051,4.42522954940796,4.44676685333252,4.43772125244141,4.44322204589844
-283.408450313974,6.43168723069553,6.88761862692607,8,0.01,3.59839701652527,3.61839461326599,3.60106873512268,3.60989212989807,3.62015557289124,3.6162965297699
-283.3063899811,7.36393114905717,7.03830692076872,8,0.01,2.6498920917511,2.63503241539001,2.6456036567688,2.64761400222778,2.64788603782654,2.65116000175476
-283.207401845136,7.52143421072817,7.10288751798364,8,0.01,2.49495124816895,2.48625636100769,2.49238467216492,2.47849273681641,2.49861931800842,2.48274326324463
-285.238992785927,7.58458690747645,7.43539650608441,8,0.01,2.41279792785645,2.42905235290527,2.43288373947144,2.42316937446594,2.4139506816864,2.42693209648132
-285.248047305814,7.91903836368998,7.60337396033297,8,0.01,2.10699701309204,2.090740442276,2.09610295295715,2.08053278923035,2.09661078453064,2.09640574455261
-285.393776127965,8.07822343500846,7.78638873103003,8,0.01,1.93181753158569,1.93090581893921,1.93593609333038,1.948126912117,1.93275785446167,1.9213958978653
-280.352968691872,8.29087957262171,8.22479833713289,8,0.01,1.75031220912933,1.75974345207214,1.73366737365723,1.71514809131622,1.75023460388184,1.74151957035065
-280.860458132948,8.70101773437746,8.48203695520905,8,0.01,1.29783666133881,1.3036013841629,1.3050240278244,1.33040285110474,1.30411207675934,1.31509792804718
-271.230754297183,8.96872166161231,9.02884820560976,8,0.01,1.06035900115967,1.05481970310211,1.05765891075134,1.05270040035248,1.05314576625824,1.04296624660492
-270.601250832254,9.50212010474979,0.0,8,0.01,0.505047023296356,0.51211154460907,0.497999876737595,0.502320885658264,0.502777636051178,0.504582643508911
-280.487627729917,0.47498053047318,0.656379252849138,8,0.01,9.55717086791992,9.5557279586792,9.5297966003418,9.54572677612305,9.54324436187744,9.52394676208496
-282.864432642117,1.13399110546946,1.27967690984173,8,0.01,8.89653205871582,8.88507652282715,8.86821269989014,8.88540840148926,8.8751974105835,8.86221885681152
-281.617753758942,1.76336298728718,1.61024403372457,8,0.01,8.26361274719238,8.2552433013916,8.25513172149658,8.23740768432617,8.2487211227417,8.25475025177002
-281.495052461176,2.10239868139168,1.82192182924057,8,0.01,7.93324089050293,7.92224359512329,7.92210912704468,7.93613243103027,7.92931270599365,7.89733123779297
-274.334804831411,2.30718878733144,2.86307812580895,8,0.01,7.73008728027344,7.72650527954102,7.7014946937561,7.70278072357178,7.71865320205689,7.72498035430908
-265.320766373829,3.37030500266639,3.58654863660744,8,0.01,6.69143962860107,6.66884088516235,6.66424894332886,6.66974973678589,6.63962125778198,6.67026472091675
-220.047204490847,4.12958194076654,4.73754286007335,8,0.01,5.94993305206299,5.92599153518677,5.95569610595703,5.95481061935425,5.95550107955933,5.96354341506958
-202.324244934265,5.25628082965419,5.81296331349585,8,0.01,4.78631448745728,4.7883734703064,4.79540824890137,4.76443862915039,4.78977489471436,4.80527925491333
-202.939256618748,6.28912740930405,5.67063999431385,8,0.01,3.7244131565094,3.73060870170593,3.74530267715454,3.71705007553101,3.70929956436157,3.70881533622742
-207.643391222311,6.14495265183383,6.34933222923278,8,0.01,3.8715398311615,3.8691349029541,3.88092565536499,3.86472821235657,3.86524224281311,3.84935450553894
-207.494653834232,6.83001890141096,6.25970587603503,8,0.01,3.18949866294861,3.17636108398437,3.18547248840332,3.1968777179718,3.18843555450439,3.1693115234375
-202.896440352338,6.745340401506,6.69409316240263,8,0.01,3.2813549041748,3.29203987121582,3.26984238624573,3.27149748802185,3.26974201202393,3.26050591468811
-201.637450065067,7.18304551378674,6.95183256434288,8,0.01,2.83260560035706,2.82583951950073,2.85258936882019,2.81797981262207,2.84516620635986,2.84024596214294
-201.950370341692,7.43149482641954,7.46990475840067,8,0.01,2.59320402145386,2.58806920051575,2.58182621002197,2.56780433654785,2.58240795135498,2.58744549751282
-196.661478996644,7.95335645709104,7.91568183472929,8,0.01,2.05259490013123,2.06640243530273,2.07439661026001,2.06587362289429,2.07048273086548,2.06394076347351
-199.09401845248,8.39840328025804,8.43965562543949,8,0.01,1.62036621570587,1.62136816978455,1.62727475166321,1.61695778369904,1.60729277133942,1.5980042219162
-199.672972984721,8.90996401031758,8.7627819671847,8,0.01,1.10428667068481,1.09177482128143,1.10373544692993,1.10803318023682,1.0946341753006,1.08867454528809
-199.387379303114,9.24819270016125,8.94160194897326,8,0.01,0.751741588115692,0.772669911384583,0.759885430335999,0.760321617126465,0.758287072181702,0.766705393791199
-211.051050442368,9.40779311607172,0.0,8,0.01,0.597584962844849,0.593597829341888,0.591211497783661,0.591324508190155,0.581892371177673,0.577446222305298
-214.158012636133,0.490949280622935,0.847588539166522,8,0.01,9.55910205841064,9.54130268096924,9.51630401611328,9.52877426147461,9.53339576721191,9.52657127380371
-207.860132953011,1.32235725388835,1.45797367296622,8,0.01,8.69697284698486,8.70770072937012,8.68446731567383,8.68735122680664,8.69154644012451,8.68990802764893
-208.284031989612,1.9287350457707,1.63602813503095,8,0.01,8.09311771392822,8.07336807250977,8.0956916809082,8.07267665863037,8.06997871398926,8.07066154479981
-204.763404086285,2.12199240983562,2.28168923336551,8,0.01,7.92068719863892,7.92218112945557,7.89017057418823,7.90487909317017,7.88216161727905,7.88574838638306
-237.204998206844,2.71897523110454,3.64490873888277,8,0.01,7.27571773529053,7.24197292327881,7.25325965881348,7.2494387626648,7.26462125778198,7.2397780418396
-235.818031537485,4.13148504432303,4.33783719301331,8,0.01,5.89355039596558,5.90529632568359,5.8846755027771,5.87869215011597,5.89249992370606,5.86848306655884
-237.636763615414,4.80398156005321,5.11232668979757,8,0.01,5.21759700775147,5.19535446166992,5.19346857070923,5.19290828704834,5.19326257705689,5.19896554946899
-235.479792644625,5.61080642408242,6.41202724957188,8,0.01,4.40950059890747,4.41854619979858,4.41358375549316,4.41250848770142,4.41429901123047,4.39087915420532
-247.763230993387,6.86571635445881,7.67219967395512,8,0.01,3.12217664718628,3.13414835929871,3.12539172172546,3.12444353103638,3.11738181114197,3.12161612510681
-249.061088789188,8.15228737472298,7.913906887222,8,0.01,1.8695285320282,1.87596583366394,1.84448611736298,1.85427212715149,1.85911178588867,1.85320270061493
-248.875060064556,8.39629671421736,7.98244597861588,8,0.01,1.62448585033417,1.61682796478271,1.60602974891663,1.603630900383,1.64114463329315,1.62001287937164
-246.670275150184,8.46416297875477,8.47293074723382,8,0.01,1.56830751895905,1.54839503765106,1.5605286359787,1.53850483894348,1.54453253746033,1.53993022441864
-245.340459257403,8.95640250133024,8.98717160858461,8,0.01,1.07641124725342,1.05187392234802,1.0600072145462,1.06619691848755,1.06436991691589,1.04464316368103
-240.817307279224,9.47124811789708,0.0,8,0.01,0.540932059288025,0.547563910484314,0.533756017684937,0.548443138599396,0.550477683544159,0.552966475486755
-238.156222105628,0.493648562955786,0.357536531509411,8,0.01,9.54312133789063,9.5405969619751,9.52129650115967,9.52088165283203,9.53132438659668,9.52703952789307
-238.180870103311,0.836979183634722,0.269312671128032,8,0.01,9.19160556793213,9.16353702545166,9.17794418334961,9.18008899688721,9.16256141662598,9.17733383178711
-238.230913395928,0.752613954882827,0.67566636387177,8,0.01,9.27736282348633,9.26691055297852,9.26193332672119,9.26997661590576,9.24742889404297,9.25221729278564
-237.830921123503,1.15415475163362,0.837859083323984,8,0.01,8.88436222076416,8.86689949035645,8.85489368438721,8.84743022918701,8.84584331512451,8.85012054443359
-236.838883043565,1.32044217906678,1.94525429777105,8,0.01,8.71629047393799,8.71743774414063,8.72163963317871,8.69668865203857,8.69746685028076,8.680588722229
-235.661424522068,2.43930026339848,2.56021255634389,8,0.01,7.60412788391113,7.60185432434082,7.57939529418945,7.56077289581299,7.56188249588013,7.58938264846802
-235.571503301737,3.03103312069927,2.67223075409138,8,0.01,6.98875951766968,6.99671649932861,6.98226165771484,6.9683403968811,6.97489881515503,6.97551488876343
-236.948555706018,3.14545681952145,3.41674636143549,8,0.01,6.87193822860718,6.88441467285156,6.85852241516113,6.85268115997314,6.85888671875,6.86889028549194
-236.943467052392,3.89823504475241,3.6916215280174,8,0.01,6.14434432983398,6.12691211700439,6.10585737228394,6.10598134994507,6.10083150863647,6.10610055923462
-235.584277131059,4.1787110604574,4.11538245354454,8,0.01,5.86450290679932,5.84057140350342,5.84528589248657,5.85757637023926,5.82263565063477,5.83332967758179
-234.925670149794,4.59520620835762,4.35840506489395,8,0.01,5.42627763748169,5.41872978210449,5.41158294677734,5.40509605407715,5.40991926193237,5.43212509155273
-235.426511101213,4.8419216962508,4.12862548352348,8,0.01,5.17297267913818,5.18437480926514,5.15714502334595,5.1681489944458,5.16511297225952,5.1881742477417
-226.27703421276,4.61409825287998,4.79364054049495,8,0.01,5.41225719451904,5.41164445877075,5.41303253173828,5.39760875701904,5.39798974990845,5.42650413513184
-235.653293543855,5.26129859204205,5.5709360901147,8,0.01,4.75815629959106,4.72618770599365,4.74407911300659,4.74490356445313,4.74901103973389,4.73119306564331
-235.379138512444,6.04082862931743,5.68780878747277,8,0.01,3.96107649803162,3.97953009605408,3.97479724884033,3.96255111694336,3.95854043960571,3.96796536445618
-225.466858255526,6.17498650552521,6.29519003609713,8,0.01,3.84581732749939,3.8372209072113,3.85961174964905,3.86108565330505,3.84970426559448,3.84459590911865
-227.26737307579,6.77160258318011,6.78163147749944,8,0.01,3.22978067398071,3.24875831604004,3.24036383628845,3.24950790405273,3.22540473937988,3.23965525627136
-227.105217638796,7.25575397463413,6.92946930306802,8,0.01,2.74586701393127,2.7438440322876,2.75951337814331,2.76180768013,2.75925731658936,2.74985957145691
-227.191893994852,7.40446887271809,7.32260533056282,8,0.01,2.61876392364502,2.5968816280365,2.59769058227539,2.60039854049683,2.60751509666443,2.59523725509644
-228.682309400271,7.79306813126068,7.83804336083115,8,0.01,2.22144293785095,2.22168350219727,2.20678758621216,2.20458602905273,2.21284174919128,2.21928644180298
-228.646331447626,8.32055063574594,7.53598376127299,8,0.01,1.70586001873016,1.6919116973877,1.68200993537903,1.68227553367615,1.71337568759918,1.67883574962616
-233.62720767059,8.01126038426084,8.48622486502399,8,0.01,2.00049448013306,1.99460291862488,1.99856281280518,1.98290741443634,2.00109505653381,2.01241326332092
-237.65698327736,8.95125724507685,9.18169893808653,8,0.01,1.04310035705566,1.04572856426239,1.05551862716675,1.0446549654007,1.04253828525543,1.05776464939117
-235.37749252669,9.66250481814541,0.0,8,0.01,0.356235086917877,0.340007811784744,0.355983465909958,0.35928013920784,0.35993891954422,0.339453041553497
-238.374552862349,0.490919096740066,0.609033906521068,8,0.01,9.5470027923584,9.54220485687256,9.5217342376709,9.51678943634033,9.52686786651611,9.53031253814697
-256.224658549294,1.05637498092492,1.63144100496094,8,0.01,8.94163036346436,8.93022346496582,8.93223762512207,8.92063426971436,8.93901538848877,8.9326057434082
-256.187580227011,2.1088478675013,2.36495747079123,8,0.01,7.91886472702026,7.89483690261841,7.91365814208984,7.88988447189331,7.90119123458862,7.90932035446167
-265.540779798554,2.83225665689377,3.1410285956788,8,0.01,7.16091442108154,7.17290210723877,7.16894960403442,7.17506742477417,7.1576418876648,7.15516328811646
-266.350409278164,3.61526498855845,3.32481307523017,8,0.01,6.41678953170776,6.40194034576416,6.40059232711792,6.38274669647217,6.40398550033569,6.38838291168213
-266.313494915783,3.80068787538224,3.43624158771585,8,0.01,6.22066164016724,6.2196192741394,6.21232652664185,6.19912672042847,6.20330619812012,6.21554088592529
-255.059378235651,3.92618019373532,4.02576054718131,8,0.01,6.11652421951294,6.10025453567505,6.09630298614502,6.09227895736694,6.08771324157715,6.09017372131348
-239.218306173084,4.52712500800283,5.29360680118554,8,0.01,5.52887487411499,5.51549863815308,5.5183310508728,5.50079727172852,5.50366401672363,5.49190139770508
-236.168850340937,5.78883534625182,5.68250899469514,8,0.01,4.26168489456177,4.2456169128418,4.24813842773438,4.21339654922485,4.24354457855225,4.24908542633057
-237.45078211678,6.16539920531142,6.11283901298232,8,0.01,3.84006023406982,3.84029221534729,3.85387587547302,3.83253026008606,3.84508037567139,3.84568023681641
-236.750739696486,6.59643545353752,6.65337283492191,8,0.01,3.4342188835144,3.40390038490295,3.42616772651672,3.42012500762939,3.41643643379211,3.40613794326782
-230.220936656948,7.14139739970381,7.61281845236337,8,0.01,2.88493967056274,2.88456034660339,2.8847439289093,2.86688804626465,2.86607432365417,2.86937665939331
-230.09035238325,8.09222446146904,7.6683487093062,8,0.01,1.92154955863953,1.92461121082306,1.93522930145264,1.90675151348114,1.91875815391541,1.92445516586304
-230.834873651189,8.15193361613058,8.21819212486506,8,0.01,1.85326027870178,1.86373436450958,1.84706234931946,1.86279487609863,1.87389504909515,1.85953986644745
-230.8661524944,8.68981044431595,7.85309593941919,8,0.01,1.32961964607239,1.32241880893707,1.3094789981842,1.31705582141876,1.32012856006622,1.3221116065979
-213.175717288284,8.35985242250549,8.62082393114174,8,0.01,1.67680668830872,1.66913533210754,1.70147514343262,1.67792809009552,1.67690181732178,1.66264498233795
-212.709445076086,9.104149560023,8.71944666787982,8,0.01,0.928201079368591,0.912921786308289,0.922481775283814,0.895503342151642,0.905691742897034,0.929674744606018
-204.560597125127,9.21015562454808,0.0,8,0.01,0.81820946931839,0.814830005168915,0.814914345741272,0.81286895275116,0.799885392189026,0.810172021389008
-203.124336582848,0.504312403521085,0.250021791967433,8,0.01,9.55878448486328,9.53233051300049,9.52951526641846,9.51447200775147,9.50834941864014,9.53064060211182
-204.267316512884,0.71283985237074,0.625082323480206,8,0.01,9.30000019073486,9.29793643951416,9.29419231414795,9.28862762451172,9.28547286987305,9.296630859375
-197.951529503813,1.11308474682891,1.35953804803636,8,0.01,8.9116382598877,8.91822338104248,8.90374183654785,8.89794445037842,8.89430046081543,8.91335010528564
-196.580513478636,1.83795057865843,1.72654447720916,8,0.01,8.20350170135498,8.19096755981445,8.18035984039307,8.16945934295654,8.16979312896729,8.16285610198975
-186.815426164487,2.22312984784299,2.38635781125903,8,0.01,7.81991958618164,7.81116008758545,7.81025314331055,7.80598258972168,7.78858041763306,7.80958604812622
-186.931939314009,2.85828638074894,2.6052007812576,8,0.01,7.15366697311401,7.1678466796875,7.14818143844605,7.15681266784668,7.14077520370483,7.15355062484741
-186.937423329634,3.08414378572307,2.67857046993807,8,0.01,6.97122669219971,6.93973779678345,6.93465185165405,6.92248868942261,6.91556739807129,6.923020362854
-195.113937846895,3.14792227782793,3.34540161637826,8,0.01,6.87592363357544,6.85649251937866,6.85949087142944,6.84445714950562,6.84179019927979,6.85906219482422
-200.3454379009,3.82700637712983,4.12817476683935,8,0.01,6.18831300735474,6.16561460494995,6.20211029052734,6.19914960861206,6.18801736831665,6.18190431594849
-216.374073833007,4.59474573667078,5.25336563758707,8,0.01,5.40372514724731,5.41111564636231,5.40311241149902,5.41270923614502,5.38428497314453,5.39318227767944
-222.56022062046,5.73144699522247,5.90194086372897,8,0.01,4.29252004623413,4.2684588432312,4.28548669815064,4.27869510650635,4.28249788284302,4.2594108581543
-222.205519567843,6.37555803063863,6.00975130113916,8,0.01,3.62968921661377,3.65291237831116,3.64450359344482,3.62933778762817,3.62408065795898,3.63841128349304
-208.500577296485,6.50168236366125,6.76858995076624,8,0.01,3.52620768547058,3.52692627906799,3.53884148597717,3.52423906326294,3.54002213478088,3.51526999473572
-192.630319873306,7.27758293766884,7.66288437962759,8,0.01,2.77428960800171,2.754887342453,2.77114129066467,2.76908993721008,2.74126148223877,2.76847529411316
-192.666274599297,8.1458356999611,7.63610204151713,8,0.01,1.86603033542633,1.86732041835785,1.87078666687012,1.85303544998169,1.87324452400208,1.86045265197754
-195.158984311666,8.10996940751362,8.55628381031602,8,0.01,1.88696336746216,1.90297985076904,1.89124441146851,1.8910014629364,1.9013237953186,1.90658688545227
-193.897013868277,9.03814336605019,9.00268847692593,8,0.01,0.962273359298706,0.976942956447601,0.981725931167602,0.983303606510162,0.98450642824173,0.962344825267791
-195.267590952579,9.47218237200974,9.33718301304083,8,0.01,0.53296834230423,0.530539512634277,0.525564670562744,0.537306606769562,0.52940446138382,0.526027679443359
-190.207305835638,9.83421347576609,0.0,8,0.01,0.212177619338036,0.203485786914825,0.194766789674759,0.201318502426147,0.183055147528648,0.171652019023895
-189.840432851749,0.493805563396955,0.121421343436215,8,0.01,9.53089714050293,9.54359436035156,9.5413875579834,9.53765773773193,9.53088474273682,9.51831340789795
-194.492842365859,0.604816698289032,0.624889257897289,8,0.01,9.41548919677734,9.41825103759766,9.40273666381836,9.38923645019531,9.40375804901123,9.43277549743652
-193.10694050656,1.09869169196973,1.11256442548206,8,0.01,8.90600299835205,8.93768310546875,8.90242195129395,8.91188430786133,8.90297031402588,8.91551876068115
-192.4625268161,1.59422387947466,1.36487189297637,8,0.01,8.42325115203857,8.40596199035645,8.43349266052246,8.4240198135376,8.43336963653564,8.43541717529297
-188.593477700944,1.85444761432523,2.36695379944582,8,0.01,8.18463325500488,8.18226337432861,8.17967796325684,8.15849018096924,8.15005779266357,8.16065502166748
-194.613502145322,2.84105417219846,2.91192741229793,8,0.01,7.17147254943848,7.15019845962524,7.16135215759277,7.15989780426025,7.16493606567383,7.16313695907593
-194.560588480326,3.38262729920797,2.9428720554571,8,0.01,6.64578866958618,6.6277928352356,6.61676263809204,6.61711597442627,6.62979173660278,6.63042783737183
-179.243010775853,3.45216368921498,4.29064466454965,8,0.01,6.61395215988159,6.59161186218262,6.6153736114502,6.58191585540772,6.58410978317261,6.56687259674072
-179.41564815993,4.77719395134553,4.77043799635236,8,0.01,5.25447130203247,5.22093629837036,5.25521087646484,5.2498664855957,5.23805618286133,5.25648403167725
-180.340434174773,5.24637239559522,5.03660230780342,8,0.01,4.75188732147217,4.76856279373169,4.76694011688232,4.76759004592896,4.75889444351196,4.75329494476318
-178.908629314,5.51496624268018,5.32009836522671,8,0.01,4.5115385055542,4.49817132949829,4.5026068687439,4.49930715560913,4.48710775375366,4.48648595809937
-178.619721114609,5.79405056028652,5.81422471505882,8,0.01,4.23321199417114,4.21923351287842,4.21508884429932,4.20894050598145,4.20780944824219,4.20596170425415
-178.528393804457,6.29261602436354,5.96937907172126,8,0.01,3.74117183685303,3.71348166465759,3.72449254989624,3.70687556266785,3.70888924598694,3.73527693748474
-180.993669990842,6.45709507471957,6.71487047637105,8,0.01,3.56728315353394,3.53962182998657,3.56705331802368,3.54724192619324,3.55235195159912,3.57779932022095
-180.310073348837,7.20245827892087,7.25767490883738,8,0.01,2.81351947784424,2.81919431686401,2.81062078475952,2.81275153160095,2.79746460914612,2.81120252609253
-178.791174319123,7.74546697051054,6.7466427731888,8,0.01,2.2762246131897,2.28741312026978,2.28810548782349,2.27427816390991,2.25575137138367,2.26280570030212
-152.188580840326,7.27356775357161,8.13220966384571,8,0.01,2.78239417076111,2.79905915260315,2.79504251480103,2.77899646759033,2.77865552902222,2.76023316383362
-146.973370558736,8.63291397708413,9.02693912106525,8,0.01,1.40150237083435,1.40294027328491,1.39336061477661,1.40423667430878,1.37189984321594,1.39988100528717
-150.331714552714,9.50323974747876,9.36725091802008,8,0.01,0.501086056232452,0.509717643260956,0.507078051567078,0.491481006145477,0.513171911239624,0.508579671382904
-148.388908774022,9.86504318895324,0.0,8,0.01,0.152194544672966,0.184121489524841,0.16654871404171,0.160566002130508,0.136930599808693,0.153337493538857
-152.81223427937,0.475877485569505,0.477022503993197,8,0.01,9.5414457321167,9.53998851776123,9.53428459167481,9.53484916687012,9.53032207489014,9.54236221313477
-141.390322072407,0.96693080032478,1.4370400751444,8,0.01,9.0805835723877,9.0858736038208,9.05297660827637,9.04671573638916,9.0540657043457,9.05332946777344
-143.353861638589,1.91009985862191,1.81378473435352,8,0.01,8.10048961639404,8.09003829956055,8.09933948516846,8.09017181396484,8.09938621520996,8.08627128601074
-145.10940751097,2.29432997692608,2.29906751735654,8,0.01,7.72939300537109,7.71460962295532,7.72887897491455,7.70299863815308,7.71505165100098,7.72134399414063
-145.933643236456,2.77514036447282,2.59795315290797,8,0.01,7.25225114822388,7.24311828613281,7.22341012954712,7.22856855392456,7.22323036193848,7.23581266403198
-146.517152915165,3.07486035983911,3.00729667066819,8,0.01,6.962317943573,6.93683433532715,6.94368982315064,6.92403697967529,6.92946243286133,6.93343591690064
-142.94424266662,3.5046449859171,3.50699233758572,8,0.01,6.53730726242065,6.52743244171143,6.51862001419067,6.5468020439148,6.4992790222168,6.52594137191772
-112.773167675114,4.01592751472561,4.73203138804615,8,0.01,6.02722644805908,6.03767108917236,6.02455425262451,6.02991247177124,6.03029108047485,6.02110099792481
-116.807459824466,5.2037380410679,5.55787952273391,8,0.01,4.81508827209473,4.80746126174927,4.79226636886597,4.79546308517456,4.79719829559326,4.7897424697876
-115.901391244718,6.04300517922479,6.06889371107776,8,0.01,3.97772312164307,3.98620796203613,3.97957015037537,3.9651243686676,3.97451424598694,3.95707821846008
-115.968641292938,6.54634789960448,6.17461498236932,8,0.01,3.45775699615479,3.45293974876404,3.47084379196167,3.4547061920166,3.45747590065002,3.46762847900391
-119.068847136149,6.64627909318992,6.9549165247079,8,0.01,3.35366535186768,3.35924744606018,3.3497257232666,3.35677266120911,3.36015725135803,3.36398243904114
-116.266762025417,7.43101347442443,7.50358357994786,8,0.01,2.6002151966095,2.58190536499023,2.58178210258484,2.57150506973267,2.5746648311615,2.57848310470581
-116.180955086721,7.98297573351279,7.59900561374535,8,0.01,2.03145551681519,2.02220320701599,2.0406289100647,2.01644229888916,2.0258526802063,2.0265953540802
-115.971555603514,8.07417427078826,7.72038535893772,8,0.01,1.93814265727997,1.93059098720551,1.92597329616547,1.93519115447998,1.92768585681915,1.92839252948761
-115.949055269105,8.20798698192716,7.81038995063313,8,0.01,1.82633352279663,1.81283831596375,1.80341291427612,1.79187405109406,1.81141781806946,1.80011653900146
-106.239495135779,8.30287795138507,8.59254037601048,8,0.01,1.7283136844635,1.74887228012085,1.70912539958954,1.7239476442337,1.71609377861023,1.72601425647736
-108.636497386865,9.06118910255333,8.90699856934314,8,0.01,0.943528592586517,0.940896272659302,0.953287899494171,0.93631249666214,0.934871673583984,0.944803774356842
-104.543785932157,9.3965424453841,0.0,8,0.01,0.619375705718994,0.619459092617035,0.61961567401886,0.608148396015167,0.616800844669342,0.620520234107971
-98.9371307762734,0.491219923223393,0.51126517286304,8,0.01,9.54270935058594,9.52689743041992,9.52766704559326,9.53447246551514,9.53034782409668,9.53438472747803
-96.2070348978868,0.987082293604236,1.44066406491449,8,0.01,9.04243183135986,9.01709270477295,9.02941226959229,9.02682113647461,9.02897834777832,9.01570701599121
-102.233059621393,1.91471963933853,2.46105462179465,8,0.01,8.09200477600098,8.10093021392822,8.1161060333252,8.09063148498535,8.07659912109375,8.09796905517578
-103.594275376505,2.94177917767115,2.81086761274663,8,0.01,7.08825397491455,7.05523920059204,7.06875705718994,7.06284046173096,7.07301235198975,7.05871772766113
-119.860656311269,3.27547271744212,3.61149123371729,8,0.01,6.72428750991821,6.71863603591919,6.71643304824829,6.72026491165161,6.72653913497925,6.70380306243897
-117.118244343657,4.09573912928407,4.28733814370308,8,0.01,5.94144630432129,5.92015743255615,5.90939950942993,5.93163394927979,5.90666055679321,5.92451906204224
-124.224348173432,4.77506847466711,5.11833448738313,8,0.01,5.25922155380249,5.24378061294556,5.2490119934082,5.21521186828613,5.26292657852173,5.2486252784729
-123.799009942732,5.59791719885258,5.26612386380378,8,0.01,4.43323516845703,4.41184568405151,4.42847394943237,4.42713308334351,4.40637731552124,4.40158653259277
-119.090452255975,5.75164714792352,5.61270813561282,8,0.01,4.28461933135986,4.25403928756714,4.2706036567688,4.25471496582031,4.27123165130615,4.26753616333008
-110.819246239418,6.11045599542061,6.54398152641351,8,0.01,3.91971826553345,3.93536639213562,3.89942216873169,3.91713213920593,3.92877244949341,3.9264075756073
-112.196643299315,7.02710785236959,7.21465250377346,8,0.01,2.98305797576904,2.97002816200256,2.99158120155334,2.98167705535889,2.97897529602051,3.004723072052
-117.396604045689,7.69102852514834,8.21182505300093,8,0.01,2.331627368927,2.32488703727722,2.319411277771,2.34014678001404,2.30804181098938,2.30165076255798
-125.570103659336,8.68957734366553,8.91563189363116,8,0.01,1.32852697372437,1.32708716392517,1.32908844947815,1.307537317276,1.2989718914032,1.3197318315506
-128.108928154743,9.40066959192193,9.18019063946261,8,0.01,0.602865219116211,0.595273077487946,0.636617541313171,0.624909520149231,0.597545564174652,0.623006165027618
-128.141510197,9.66722616140943,9.14769551301505,8,0.01,0.350627392530441,0.353393524885178,0.36067858338356,0.332400381565094,0.356703609228134,0.349774062633514
-128.006851584523,9.62252344426988,9.46598614259022,8,0.01,0.379809319972992,0.377948194742203,0.377700477838516,0.390231221914291,0.401526063680649,0.383884936571121
-129.238554462198,8.93404781245203,0.0,8,0.01,1.06752908229828,1.06736838817596,1.08566188812256,1.06527400016785,1.07420575618744,1.0817449092865
-128.386255485846,0.489289897987441,0.24735527731023,8,0.01,9.53535270690918,9.54838943481445,9.52231693267822,9.53480052947998,9.53164100646973,9.54753971099854
-127.828619984961,0.719779264755726,0.540018539449327,8,0.01,9.31469058990479,9.28966999053955,9.29477787017822,9.28738307952881,9.29408836364746,9.28062915802002
-125.979512003351,1.02360144759721,0.975979068490682,8,0.01,9.0057897567749,9.01548671722412,8.9919319152832,8.97832775115967,8.9989595413208,8.98145389556885
-126.075058672403,1.45095775146906,1.28906242749525,8,0.01,8.58083057403564,8.55996608734131,8.55152225494385,8.54838943481445,8.55923461914063,8.5672779083252
-123.828628481987,1.76177966793042,1.78282584603959,8,0.01,8.26819896697998,8.24962902069092,8.24610424041748,8.25257110595703,8.24584007263184,8.24063682556152
-126.181741501378,2.25958290704904,2.74771023236876,8,0.01,7.77549314498901,7.77263116836548,7.73685789108276,7.74484491348267,7.73825454711914,7.74484252929688
-132.446965561525,3.21898302833296,3.47484005858216,8,0.01,6.79441118240356,6.80155801773071,6.78463268280029,6.77199745178223,6.78241491317749,6.78794002532959
-132.231962106451,3.94905731977678,3.23779000091065,8,0.01,6.07019901275635,6.0662317276001,6.06677579879761,6.05435466766357,6.05029964447022,6.06448793411255
-126.790124235392,3.7206138459478,4.33163379000224,8,0.01,6.31625652313232,6.30786752700806,6.30769443511963,6.28841686248779,6.29460096359253,6.28646516799927
-111.228962274753,4.82548239396977,5.28399139299989,8,0.01,5.21987581253052,5.20506954193115,5.20662879943848,5.19256544113159,5.19827604293823,5.20030021667481
-112.233190358156,5.76719055435443,5.82026003305366,8,0.01,4.2680459022522,4.23038005828857,4.25074577331543,4.24652051925659,4.25287818908691,4.24989891052246
-113.615427178396,6.30183400105101,6.24991784033028,8,0.01,3.73477101325989,3.73689842224121,3.73689270019531,3.72133088111877,3.70835947990417,3.69577288627625
-110.856562842039,6.73311020117343,6.62866490929223,8,0.01,3.29831075668335,3.29870963096619,3.29583287239075,3.28111004829407,3.26979565620422,3.27241945266724
-105.525884623425,7.11397098078163,7.41059905154142,8,0.01,2.89220857620239,2.92209362983704,2.90349125862122,2.91034841537476,2.9125349521637,2.90687417984009
-101.801677528319,7.89495271128403,7.98535858731733,8,0.01,2.12394046783447,2.14465284347534,2.10872173309326,2.12022519111633,2.13450694084167,2.12301588058472
-100.341657047088,8.47157211085183,8.29835115473017,8,0.01,1.55400729179382,1.53901052474976,1.54613590240479,1.5295307636261,1.56024301052094,1.5327285528183
-95.7520308664921,8.7788253956301,9.07026241272029,8,0.01,1.25839900970459,1.25534927845001,1.23164415359497,1.23271453380585,1.22652089595795,1.24002087116241
-90.5655293975611,9.55299341444897,0.0,8,0.01,0.473417788743973,0.459098309278488,0.452515125274658,0.462681651115418,0.455965161323547,0.467519760131836
-118.262940083025,0.470626176004914,1.10178948083754,8,0.01,9.54056072235107,9.53741455078125,9.52542400360107,9.50613403320313,9.53800868988037,9.52892684936523
-117.97919592661,1.58899631793166,1.34209161910964,8,0.01,8.44666004180908,8.4385871887207,8.40996170043945,8.44007968902588,8.42310237884522,8.41184520721436
-143.355746363854,1.79163232158773,2.23102050403122,8,0.01,8.19497489929199,8.20561408996582,8.20800113677979,8.22052669525147,8.17643356323242,8.17711448669434
-136.404863368599,2.72097274320049,2.6595243696324,8,0.01,7.3381986618042,7.30095863342285,7.29449319839478,7.30271196365356,7.28654479980469,7.28969287872314
-123.465249098287,3.15364661847338,3.57086106297148,8,0.01,6.88588905334473,6.88063764572144,6.87278890609741,6.86669301986694,6.86867952346802,6.86196756362915
-134.205013917382,4.04464086515591,4.36868783214165,8,0.01,5.96807384490967,5.97112035751343,5.94083881378174,5.96283960342407,5.97013854980469,5.97068071365356
-135.702821713962,4.84435305545636,5.36347991373064,8,0.01,5.17534589767456,5.15774202346802,5.16037178039551,5.16204261779785,5.17580413818359,5.15277862548828
-122.831709713543,5.85363497918175,6.74641660703594,8,0.01,4.18386268615723,4.16498899459839,4.17833232879639,4.16117382049561,4.17313861846924,4.16527223587036
-126.946275637149,7.21066852328527,7.38096573842896,8,0.01,2.80221223831177,2.78250050544739,2.79781627655029,2.78703188896179,2.79357194900513,2.79514122009277
-130.176325956923,7.85763111867809,8.61852172804726,8,0.01,2.13752865791321,2.15782618522644,2.1423704624176,2.13777351379395,2.14688944816589,2.14777398109436
-122.691226770123,9.09837522110181,9.37654391756193,8,0.01,0.920732021331787,0.933902204036713,0.909420490264893,0.927906513214111,0.912010252475738,0.910141706466675
-146.240455088215,9.83773694766173,0.0,8,0.01,0.162720635533333,0.144086748361588,0.17083315551281,0.156556308269501,0.131940171122551,0.155833289027214
-144.527203276541,0.494915339876476,-0.465361030546134,8,0.01,9.53956031799316,9.52945423126221,9.56534290313721,9.51888751983643,9.53771209716797,9.528076171875
-147.031498856051,0.002059795996334,-0.080200989144419,8,0.01,10.0171346664429,10.009165763855,10.0060062408447,9.99542903900147,9.99589157104492,10.0038137435913
-167.031763217892,0.387566832085678,0.850348711970718,8,0.01,9.63076305389404,9.62049388885498,9.63872814178467,9.60322570800781,9.58698272705078,9.61348152160645
-166.758338086113,1.32737698070043,0.953914828902498,8,0.01,8.69833850860596,8.69974040985107,8.70816802978516,8.67928886413574,8.67179107666016,8.6733865737915
-166.760571382628,1.42328312593636,0.951710107347893,8,0.01,8.58468246459961,8.58198928833008,8.57659435272217,8.58362102508545,8.585862159729,8.58968639373779
-160.32989710243,1.44770463351048,1.74571764136375,8,0.01,8.59665203094482,8.57954883575439,8.56029319763184,8.58390331268311,8.58034420013428,8.58614730834961
-171.694420413095,2.22556693728609,2.6071921046482,8,0.01,7.79704904556274,7.7853684425354,7.76971817016602,7.75927400588989,7.79369306564331,7.77229118347168
-173.845543512436,3.09526823237768,3.79153793351044,8,0.01,6.95046186447144,6.92356014251709,6.95092868804932,6.91156148910522,6.90096044540405,6.93027830123901
-134.202825851103,4.30650815705394,4.97612715176429,8,0.01,5.74553728103638,5.75335693359375,5.74466896057129,5.74147129058838,5.74983215332031,5.75838947296143
-134.477808179851,5.45279544476801,5.08773660784216,8,0.01,4.57683944702148,4.56594514846802,4.55351638793945,4.54543018341064,4.56558036804199,4.55561399459839
-134.290085346019,5.57086008886233,5.68711252108077,8,0.01,4.44137191772461,4.44435930252075,4.43487691879272,4.43175220489502,4.4442663192749,4.42922687530518
-134.825978171018,6.1794891098378,6.78076896014389,8,0.01,3.86831140518188,3.84014248847961,3.83620762825012,3.84728312492371,3.8554265499115,3.81908202171326
-128.811877164662,7.29058975941849,7.5548799699144,8,0.01,2.78084802627563,2.74629926681519,2.74190235137939,2.74457621574402,2.71553134918213,2.75822472572327
-127.873149219234,8.04404762688312,7.71971442436149,8,0.01,1.98069858551025,1.98228096961975,1.95618367195129,1.96599316596985,1.97140085697174,1.97572576999664
-101.807673472297,8.22224430218776,8.81112974398761,8,0.01,1.81007444858551,1.82229518890381,1.81122863292694,1.81462168693542,1.824986577034,1.81055045127869
-100.485785968892,9.28884423332783,9.48545624929399,8,0.01,0.721081912517548,0.71851521730423,0.711474478244782,0.715217351913452,0.715343534946442,0.740076303482056
-116.729783662815,8.9191643312906,0.0,8,0.01,1.08397805690765,1.0748633146286,1.06842148303986,1.08127868175507,1.07504391670227,1.06101751327515
-117.950720897652,0.48781494838079,0.403366168565056,8,0.01,9.54990768432617,9.53512001037598,9.52523708343506,9.52118682861328,9.53045463562012,9.53316783905029
-114.99622360546,0.87639332553486,1.07979843798942,8,0.01,9.13266372680664,9.13644313812256,9.13276481628418,9.14412117004395,9.12681007385254,9.13633251190186
-122.069520802077,1.54716715573193,1.80616227525653,8,0.01,8.48831462860107,8.4662389755249,8.44316482543945,8.44860363006592,8.45912933349609,8.44937419891357
-124.469746239059,2.27309522362056,2.80976990190631,8,0.01,7.72726535797119,7.73631000518799,7.72673034667969,7.73882150650024,7.72791147232056,7.7230019569397
-125.597731665772,3.28554343125662,3.4614751840522,8,0.01,6.73825025558472,6.72851276397705,6.72271108627319,6.71178436279297,6.71876907348633,6.72332286834717
-121.545948583678,3.93916748174445,3.8724807713295,8,0.01,6.08127784729004,6.06746196746826,6.07214260101318,6.07870197296143,6.0650749206543,6.06664562225342
-126.731665774938,4.34313309313695,4.63540775069048,8,0.01,5.65722703933716,5.66532278060913,5.67405796051025,5.67224025726318,5.64988851547241,5.65131902694702
-123.06072946624,5.12147488981544,5.10624599569745,8,0.01,4.9165678024292,4.89749908447266,4.90280485153198,4.9018292427063,4.88213634490967,4.90613889694214
-108.316160530961,5.60814458062561,6.23134060965227,8,0.01,4.4296612739563,4.43669509887695,4.43913888931274,4.43785619735718,4.44290685653687,4.40965557098389
-108.324991114876,6.70785577185905,5.71534086106746,8,0.01,3.30380535125732,3.30036354064941,3.30274844169617,3.31069731712341,3.30554914474487,3.29076027870178
-108.293061357102,6.20741455004459,5.76573037808223,8,0.01,3.83419632911682,3.79325008392334,3.82828044891357,3.81563305854797,3.79879236221313,3.82557892799377
-106.360601650975,6.24091782253302,5.44369873035001,8,0.01,3.76552224159241,3.7614529132843,3.7808039188385,3.76874017715454,3.77544665336609,3.76191830635071
-107.320472381994,5.91909479226086,5.99944766253955,8,0.01,4.10648012161255,4.09778690338135,4.09272956848145,4.09884834289551,4.08010864257813,4.08673191070557
-78.2706849461122,6.51800192840204,7.12666480569213,8,0.01,3.53977751731873,3.53764700889587,3.51751732826233,3.52877306938171,3.54811406135559,3.52853846549988
-78.2617988774432,7.60922920476972,7.18476967359735,8,0.01,2.43019795417786,2.38941955566406,2.3964855670929,2.41683030128479,2.39044237136841,2.40081310272217
-75.6835374089041,7.66486438175435,7.53648075451613,8,0.01,2.35425615310669,2.3449649810791,2.35721588134766,2.33828496932983,2.36471676826477,2.3399772644043
-52.6388739090585,8.0371395101757,8.46733852422227,8,0.01,1.99990344047546,2.01758193969727,1.99557268619537,1.99116563796997,2.00263500213623,1.9918475151062
-52.5500961182858,8.94737352696906,8.51976799577457,8,0.01,1.05781877040863,1.05160093307495,1.07516193389893,1.05601620674133,1.05831468105316,1.07890248298645
-56.3773338611226,8.99935735852702,9.14456665397237,8,0.01,1.02477133274078,1.03354430198669,1.00908815860748,1.01366245746613,1.00333988666534,0.995799660682678
-56.2856662195558,9.627290857595,9.2019223643662,8,0.01,0.385894298553467,0.397054672241211,0.395385086536407,0.372039645910263,0.390834093093872,0.383495062589645
-50.5545235606582,9.69157320209172,0.0,8,0.01,0.333688229322434,0.319372057914734,0.326675862073898,0.315501540899277,0.319220900535583,0.317687273025513
-44.87315636639,0.51149740433999,0.749195430757178,8,0.01,9.57001781463623,9.55996036529541,9.52625465393066,9.51989269256592,9.50705623626709,9.53743934631348
-45.2921173342631,1.22899273046102,0.900171507679783,8,0.01,8.8045654296875,8.78149318695068,8.77835464477539,8.76958847045898,8.78715896606445,8.77949714660645
-53.8559373152715,1.36398268932957,1.50104077025747,8,0.01,8.64273834228516,8.63734912872314,8.64214992523193,8.63344383239746,8.62515735626221,8.62687873840332
-54.9034759480391,1.9754345315176,2.626063211411,8,0.01,8.05303573608398,8.04074096679688,8.02931785583496,8.02249431610107,8.02394771575928,8.03411769866943
-54.1882191792342,3.09418801139098,3.03591569321787,8,0.01,6.90530824661255,6.91616439819336,6.91275119781494,6.92061233520508,6.92225027084351,6.91352939605713
-54.774038316726,3.51589542523971,3.20073199139817,8,0.01,6.51345252990723,6.50151872634888,6.509840965271,6.48907899856567,6.51954460144043,6.48284673690796
-59.8649485795055,3.68602452153782,3.87243366812979,8,0.01,6.33492136001587,6.34335422515869,6.31253671646118,6.3376088142395,6.32748556137085,6.30740737915039
-60.0491160178274,4.34839707052452,3.77795878398322,8,0.01,5.65306425094605,5.6621618270874,5.65054607391357,5.65621757507324,5.66334009170532,5.66851997375488
-79.6254104583556,4.23322746286531,4.58707408397343,8,0.01,5.76276350021362,5.74650526046753,5.75639057159424,5.74247646331787,5.75316333770752,5.76551103591919
-73.5306018919751,5.07104192325692,5.29310441766343,8,0.01,4.95516872406006,4.93610334396362,4.95024490356445,4.94965887069702,4.93552112579346,4.95383930206299
-73.3512443339879,5.7644063196247,5.40305419839343,8,0.01,4.24977540969849,4.23563432693481,4.24301862716675,4.25054359436035,4.24635601043701,4.23495197296143
-70.0796449963223,5.88528115114483,5.80832321583374,8,0.01,4.13543081283569,4.13490390777588,4.13618087768555,4.12935400009155,4.12780141830444,4.11865234375
-67.6172070231579,6.29127603550526,5.50189777146228,8,0.01,3.71129131317139,3.72880005836487,3.73120927810669,3.74068140983582,3.71381163597107,3.73754286766052
-69.1340616332226,5.97954072530551,6.25782085524421,8,0.01,4.03170251846314,4.05469512939453,4.01895475387573,4.02786016464233,4.03290271759033,4.02085018157959
-69.6682139621247,6.73073565512239,6.06957016306458,8,0.01,3.27595686912537,3.26811337471008,3.27852368354797,3.26765966415405,3.27141118049622,3.27061629295349
-59.7936378542209,6.56480420560449,6.76202952536504,8,0.01,3.47500467300415,3.46785306930542,3.44773077964783,3.47798490524292,3.47033452987671,3.4579541683197
-60.7707756882443,7.22742978019512,7.62403303576964,8,0.01,2.77475261688232,2.77980756759644,2.77052307128906,2.77955055236816,2.77894353866577,2.77160716056824
-69.9207561245042,8.09598958244968,8.52730596921797,8,0.01,1.91004061698914,1.89150285720825,1.90238797664642,1.90479874610901,1.89640545845032,1.92273879051209
-69.191793119191,9.00284796448633,8.86513994383741,8,0.01,1.02039051055908,0.996929943561554,1.01362788677216,1.00305306911469,1.00906443595886,1.00146293640137
-74.701417708116,9.32666649639749,9.4879116668419,8,0.01,0.666050791740418,0.66894406080246,0.675315916538239,0.676978945732117,0.666661620140076,0.668046653270721
-71.8759322302664,8.94858407485237,0.0,8,0.01,1.0730288028717,1.08330464363098,1.055415391922,1.07141745090485,1.07130241394043,1.08211183547974
-72.4791867731233,0.478001600609177,0.227967324836638,8,0.01,9.54001998901367,9.53396701812744,9.54367256164551,9.53182029724121,9.53251647949219,9.56030368804932
-71.4327912973008,0.700779138994563,0.429704156960255,8,0.01,9.31894493103027,9.31662845611572,9.30549621582031,9.32184410095215,9.31233978271484,9.30024909973145
-62.1319573767492,0.917623253823673,1.55429125704739,8,0.01,9.11064052581787,9.12207794189453,9.10421180725098,9.10062789916992,9.09371757507324,9.10411643981934
-68.7309954004994,2.02795865023506,2.12867362052829,8,0.01,7.98293447494507,7.97852230072022,7.97860336303711,7.96241664886475,7.97495985031128,7.97814655303955
-105.680827038277,2.55125423969309,3.25635623254934,8,0.01,7.42243671417236,7.4019627571106,7.41325187683106,7.41366720199585,7.41044902801514,7.40576171875
-105.728883306879,3.73230885366488,3.20646027674371,8,0.01,6.29371547698975,6.29146957397461,6.28763437271118,6.28322553634644,6.27874708175659,6.2661566734314
-121.206029919345,3.66181790127631,4.26488759726844,8,0.01,6.3266544342041,6.34326124191284,6.32676458358765,6.32510709762573,6.32665872573853,6.31894779205322
-122.529769098248,4.7508411286134,4.91189905089917,8,0.01,5.2939019203186,5.25512790679932,5.26700878143311,5.24614667892456,5.27275609970093,5.26801013946533
-122.473177787264,5.38153452985089,4.98996382783992,8,0.01,4.66486120223999,4.63342189788818,4.6210880279541,4.61774873733521,4.63223361968994,4.62654495239258
-123.358760521249,5.47026780782489,5.74642981008117,8,0.01,4.52991104125977,4.55097341537476,4.54150104522705,4.54461193084717,4.53395748138428,4.52851581573486
-152.723623517756,6.18693323308273,7.07678230828724,8,0.01,3.79085111618042,3.79068922996521,3.78702521324158,3.79082751274109,3.77551174163818,3.78541827201843
-151.588921648413,7.56008562834773,7.28886940488354,8,0.01,2.45302677154541,2.46759104728699,2.47064757347107,2.45617175102234,2.44207334518433,2.43961668014526
-155.058222513581,7.78607920927548,8.09531784853272,8,0.01,2.24296283721924,2.22729206085205,2.20930743217468,2.24181962013245,2.23487901687622,2.25368142127991
-154.823987326447,8.56842765596306,8.22698740499071,8,0.01,1.44102191925049,1.43213546276093,1.43152725696564,1.4537832736969,1.44063103199005,1.43088805675507
-154.540814959379,8.7093454346133,8.4484219560418,8,0.01,1.29702770709991,1.29498207569122,1.29083216190338,1.31119084358215,1.30561220645905,1.30871438980103
-162.24476000063,8.91157652189343,9.28499922974841,8,0.01,1.08424758911133,1.07855308055878,1.08586502075195,1.09688496589661,1.08960163593292,1.08929359912872
-170.910194211312,9.7500793048355,0.0,8,0.01,0.247429713606834,0.245614096522331,0.23805558681488,0.247534677386284,0.241888806223869,0.243554443120956
-167.555241945683,0.496536827045323,0.50597176364455,8,0.01,9.53957366943359,9.53835296630859,9.51920413970947,9.53102874755859,9.54382991790772,9.5307788848877
-191.700555707693,0.956269155909406,1.55726479028179,8,0.01,9.02848625183106,9.03553485870361,9.02564430236816,9.01686000823975,9.01815128326416,9.01301288604736
-191.649988697899,2.02610939408246,1.49350074673646,8,0.01,7.99519681930542,7.98636054992676,7.98096132278442,7.97261810302734,7.98108434677124,7.99052095413208
-214.854225869174,1.94606728297251,2.51096086474623,8,0.01,8.04088401794434,8.03663158416748,8.03585243225098,8.03093433380127,8.03890800476074,8.02506351470947
-215.992719796876,2.98401818012182,3.31890763584658,8,0.01,7.0243878364563,7.01586961746216,7.01536798477173,7.01326465606689,7.02431631088257,7.01806306838989
-215.13328139464,3.80807763488162,3.85856133668651,8,0.01,6.21890926361084,6.21471738815308,6.19196653366089,6.22952175140381,6.20842218399048,6.22013473510742
-213.2203745773,4.330274637516,4.51804008939802,8,0.01,5.69335031509399,5.6762580871582,5.68007802963257,5.67146158218384,5.67350673675537,5.67866277694702
-212.230433029314,4.98427560330065,5.0974713494097,8,0.01,5.0189356803894,5.02390193939209,5.02094745635986,5.03212070465088,5.01865196228027,5.01614379882813
-211.11951603673,5.56693319017892,5.47833439470904,8,0.01,4.45814323425293,4.45038318634033,4.43653535842896,4.43372631072998,4.43391036987305,4.43513345718384
-200.141288056637,5.96675685657371,6.17363313831682,8,0.01,4.06763982772827,4.06674861907959,4.05528974533081,4.05807304382324,4.06553030014038,4.04644966125488
-212.163272828927,6.6499405821002,7.15350444464933,8,0.01,3.35475564002991,3.34747982025146,3.34200763702393,3.3341977596283,3.35153317451477,3.37340903282166
-211.643683886029,7.63824240177485,6.92232215206946,8,0.01,2.37498235702515,2.38206076622009,2.36117243766785,2.37548923492432,2.38589978218079,2.38271236419678
-203.137897944177,7.40504891667746,7.78554443071034,8,0.01,2.61435270309448,2.61179518699646,2.6058611869812,2.60638785362244,2.61192560195923,2.60744476318359
-196.534599169358,8.27657819022538,8.31568820746333,8,0.01,1.74884426593781,1.73057758808136,1.73841941356659,1.75110602378845,1.74088263511658,1.75789856910706
-192.228663495091,8.80550223050642,8.90501476920345,8,0.01,1.22104132175446,1.20615899562836,1.22230839729309,1.22143006324768,1.19921314716339,1.20679330825806
-192.786643674376,9.38040866075394,9.09766061735254,8,0.01,0.643709003925324,0.623058438301086,0.618176996707916,0.629497468471527,0.64216411113739,0.62762451171875
-220.346408596067,9.53848180772193,0.0,8,0.01,0.444220006465912,0.429807513952255,0.435912817716599,0.426914095878601,0.431406706571579,0.433582872152329
-207.925705830083,0.505478610352673,0.608230761534564,8,0.01,9.55350494384766,9.54504680633545,9.52130508422852,9.53160762786865,9.55687236785889,9.53005981445313
-203.652709458555,1.09503739872478,1.45755534450998,8,0.01,8.93027019500732,8.91908073425293,8.915940284729,8.90956115722656,8.91389274597168,8.92205333709717
-203.277264792449,1.92546881042983,2.05330817219581,8,0.01,8.09998226165772,8.08802700042725,8.09420204162598,8.07793712615967,8.0739631652832,8.07619476318359
-198.162890376103,2.54484590210338,2.59497059510372,8,0.01,7.48088550567627,7.49148368835449,7.47693300247192,7.46076583862305,7.47718477249146,7.47326850891113
-196.302805955619,3.06267321544856,3.20676224659104,8,0.01,6.94360589981079,6.95549964904785,6.94985675811768,6.9390025138855,6.94023418426514,6.94488382339478
-197.447296134548,3.69411816477702,3.68216843247807,8,0.01,6.3517484664917,6.32708168029785,6.31047868728638,6.33099174499512,6.31440496444702,6.30366468429565
-208.890156080533,4.15192652273394,4.5248052552273,8,0.01,5.85171413421631,5.86381387710571,5.85075092315674,5.83321619033814,5.84726190567017,5.84778308868408
-208.838472866564,4.99430933616123,5.63179566392443,8,0.01,5.00470352172852,5.02119255065918,5.01542234420776,5.00598287582397,5.01148796081543,5.02449989318848
-207.715796210495,6.11084988850169,5.87251232696713,8,0.01,3.91227221488953,3.89010739326477,3.88915777206421,3.89625382423401,3.90915560722351,3.89428949356079
-181.111441548943,6.38485425434773,6.94752577243667,8,0.01,3.66400480270386,3.64982223510742,3.67030692100525,3.67218828201294,3.66488862037659,3.6480176448822
-181.064278541473,7.42572131752709,7.00342075134283,8,0.01,2.59016013145447,2.60583400726318,2.58166265487671,2.57303810119629,2.57305026054382,2.58145976066589
-187.934272112874,7.46645999846242,7.69262328901865,8,0.01,2.53382086753845,2.52635025978088,2.52985978126526,2.54033374786377,2.54220390319824,2.52491235733032
-187.297923848239,8.16699109475514,7.91753107423553,8,0.01,1.84027278423309,1.83769607543945,1.85038840770721,1.83966135978699,1.83292877674103,1.83685636520386
-189.203057203364,8.39623062421235,8.48861307823951,8,0.01,1.60110473632813,1.61333572864532,1.6287978887558,1.61561250686646,1.62680351734161,1.61342585086823
-194.835419584517,8.9692272218718,9.1720521592254,8,0.01,1.05553376674652,1.05708491802216,1.04272174835205,1.03986322879791,1.02302575111389,1.05911231040955
-201.159249222007,9.65589460965327,0.0,8,0.01,0.347733616828918,0.354883015155792,0.353148549795151,0.335353195667267,0.365578323602676,0.352884441614151
-171.483008022062,0.52920471340747,1.13633201475326,8,0.01,9.55757522583008,9.53970909118652,9.52712059020996,9.51923847198486,9.52894878387451,9.53393459320068
-171.537271091949,1.61892359695708,1.08168468540131,8,0.01,8.41043949127197,8.41774559020996,8.38336086273193,8.39928436279297,8.37964820861816,8.40005302429199
-171.310869599747,1.56381847027256,1.33406145867921,8,0.01,8.47484874725342,8.46719837188721,8.43653297424316,8.43798828125,8.4430456161499,8.44431781768799
-159.828059083915,1.82298823111176,1.86787797306977,8,0.01,8.21550559997559,8.21623611450195,8.19266223907471,8.20235729217529,8.19533634185791,8.19102382659912
-158.191377870998,2.34707782531677,2.33427052371625,8,0.01,7.67729997634888,7.65885019302368,7.65431118011475,7.66195678710938,7.68000364303589,7.67970514297485
-139.17655344517,2.82521782702869,3.31562179957769,8,0.01,7.22426748275757,7.21897172927856,7.19792413711548,7.20711946487427,7.20103693008423,7.20843124389648
-143.891167195486,3.78704648067209,3.92238902240133,8,0.01,6.21812391281128,6.24151182174683,6.20586681365967,6.21383047103882,6.20723342895508,6.22024869918823
-150.254438562591,4.38329638513675,4.76444809677152,8,0.01,5.61421346664429,5.61214256286621,5.60801506042481,5.62425756454468,5.62449026107788,5.6141471862793
-152.472497856899,5.24113120179763,4.32279718311245,8,0.01,4.76963138580322,4.78541994094849,4.75710010528564,4.77021789550781,4.77059984207153,4.75502872467041
-152.394259622117,4.81850926292671,4.37488920847399,8,0.01,5.20817041397095,5.2212553024292,5.21724510192871,5.21409463882446,5.18211603164673,5.20629119873047
-152.808122753346,4.84995846557536,4.97258809736502,8,0.01,5.15540790557861,5.14948558807373,5.16785717010498,5.1574764251709,5.15935611724854,5.15519905090332
-161.209725766567,5.43676033768597,5.70948811917618,8,0.01,4.55351448059082,4.55201816558838,4.55522680282593,4.55647420883179,4.56909513473511,4.55727100372314
-180.617910767884,6.15966765904647,6.46757092171,8,0.01,3.8391330242157,3.83300399780273,3.81519985198975,3.81651306152344,3.84765005111694,3.8215115070343
-179.022511328223,6.95172109484896,6.93593321929624,8,0.01,3.07960748672485,3.08488297462463,3.05399775505066,3.0515034198761,3.04928183555603,3.07086610794067
-191.947485457814,7.39710050735295,8.01131067182673,8,0.01,2.60903549194336,2.59574151039124,2.59017729759216,2.58620738983154,2.59983801841736,2.60501956939697
-195.89532299584,8.48175922032055,8.835187910313,8,0.01,1.51406097412109,1.51195800304413,1.52155351638794,1.52893328666687,1.53380572795868,1.52317929267883
-195.051310008508,9.3158579860359,9.02182447812662,8,0.01,0.68520200252533,0.690789997577667,0.696688413619995,0.708552777767181,0.684154391288757,0.705743372440338
-177.712572149934,9.5233979400765,0.0,8,0.01,0.50493735074997,0.506504595279694,0.519269049167633,0.497989356517792,0.510149300098419,0.50838315486908
-179.557237103475,0.481615679957079,0.901416110817254,8,0.01,9.55499744415283,9.54609107971191,9.52931499481201,9.53554534912109,9.52736949920654,9.53465461730957
-180.854651274278,1.38055209054805,1.23988482140532,8,0.01,8.66842746734619,8.64775085449219,8.63714981079102,8.61670589447022,8.62291526794434,8.63622093200684
-172.312313586943,1.72382667172269,1.8152840102481,8,0.01,8.31496810913086,8.3056526184082,8.31227207183838,8.28640937805176,8.30577945709229,8.30135917663574
-176.399490006975,2.28083930835308,3.00466466172911,8,0.01,7.71382093429565,7.72194194793701,7.71495771408081,7.71783065795898,7.71782827377319,7.71336269378662
-176.533089407277,3.47561839936742,2.89919597803834,8,0.01,6.54506635665894,6.54481077194214,6.54057455062866,6.54063844680786,6.5298867225647,6.52272319793701
-182.781103101507,3.3779122547524,3.52902407093882,8,0.01,6.63080453872681,6.63741159439087,6.62828588485718,6.61440944671631,6.62522983551025,6.65035390853882
-172.69444044528,4.01985354378131,4.47646084190851,8,0.01,6.02285623550415,6.00612926483154,5.99296569824219,6.01262044906616,5.9919376373291,5.99760437011719
-169.337318480738,4.95177345017747,5.05874049896656,8,0.01,5.07028102874756,5.06733751296997,5.05125427246094,5.05472278594971,5.06142950057983,5.06393814086914
-168.025871459899,5.54342677271398,5.34958056858267,8,0.01,4.47789001464844,4.47464418411255,4.45747184753418,4.47263669967651,4.47921085357666,4.47052145004272
-172.934848074198,5.81605561683479,6.01912132069487,8,0.01,4.18396997451782,4.20609664916992,4.1774754524231,4.20291233062744,4.18675804138184,4.19147157669067
-172.236475150663,6.49084079587804,6.26540764790905,8,0.01,3.51132082939148,3.52261757850647,3.51715517044067,3.51107239723206,3.50918865203857,3.52038860321045
-191.069920051848,6.72532243762349,7.08199366055701,8,0.01,3.27480125427246,3.268794298172,3.26304411888123,3.26568245887756,3.269944190979,3.25087237358093
-191.07871472594,7.55380123832815,7.0504524428522,8,0.01,2.44515347480774,2.46419239044189,2.44577479362488,2.44548559188843,2.45189142227173,2.45429039001465
